{
  "$schema": "http://json-schema.org/draft-07/schema#",
  "title": "UnifiedAdsDaily",
  "type": "object",
  "properties": {
    "date": {
      "type": "string",
      "format": "date"
    },
    "platform": {
      "type": "string",
      "enum": [
        "Snapchat",
        "TikTok"
      ]
    },
    "impressions": {
      "type": "number"
    },
    "spend_sar": {
      "type": "number"
    },
    "clicks": {
      "type": "number"
    },
    "video_views": {
      "type": "number"
    },
    "attributed_orders": {
      "type": "number"
    },
    "attributed_sales_sar": {
      "type": "number"
    }
  },
  "required": [
    "date",
    "platform",
    "spend_sar"
  ]
}
