{
  "adaccounts": [
    {
      "id": "acc_123",
      "name": "Dolmer Ad",
      "currency": "SAR"
    }
  ],
  "ads_insights": [
    {
      "date": "2025-10-28",
      "impressions": 180000,
      "spend_sar": 950,
      "clicks": 4200,
      "thruplays": 60000,
      "attributed_orders": 38,
      "attributed_sales_sar": 4600
    },
    {
      "date": "2025-10-29",
      "impressions": 172000,
      "spend_sar": 900,
      "clicks": 4050,
      "thruplays": 58000,
      "attributed_orders": 34,
      "attributed_sales_sar": 4150
    },
    {
      "date": "2025-10-30",
      "impressions": 165000,
      "spend_sar": 870,
      "clicks": 3880,
      "thruplays": 56000,
      "attributed_orders": 30,
      "attributed_sales_sar": 3750
    },
    {
      "date": "2025-10-31",
      "impressions": 210000,
      "spend_sar": 1200,
      "clicks": 5200,
      "thruplays": 72000,
      "attributed_orders": 46,
      "attributed_sales_sar": 5550
    }
  ]
}
