{
  "ad_accounts": [
    {
      "id": "tt_acc_789",
      "name": "Dolmer TT"
    }
  ],
  "ads_insights": [
    {
      "date": "2025-10-28",
      "impressions": 220000,
      "spend_sar": 880,
      "clicks": 5100,
      "views_6s": 140000,
      "attributed_orders": 33,
      "attributed_sales_sar": 4100
    },
    {
      "date": "2025-10-29",
      "impressions": 205000,
      "spend_sar": 870,
      "clicks": 4900,
      "views_6s": 138000,
      "attributed_orders": 31,
      "attributed_sales_sar": 3920
    },
    {
      "date": "2025-10-30",
      "impressions": 198000,
      "spend_sar": 850,
      "clicks": 4700,
      "views_6s": 130000,
      "attributed_orders": 28,
      "attributed_sales_sar": 3520
    },
    {
      "date": "2025-10-31",
      "impressions": 240000,
      "spend_sar": 1100,
      "clicks": 5600,
      "views_6s": 160000,
      "attributed_orders": 41,
      "attributed_sales_sar": 5050
    }
  ]
}
