{
  "name": "Dolmer_Daily_CMO_Sim",
  "nodes": [
    {
      "type": "Cron",
      "params": {
        "schedule": "0 8 * * *"
      }
    },
    {
      "type": "ReadFile",
      "params": {
        "path": "mock_data/deliverect_sales_2025-10.csv"
      }
    },
    {
      "type": "ReadFile",
      "params": {
        "path": "mock_data/marn_pos_2025-10.csv"
      }
    },
    {
      "type": "ReadFile",
      "params": {
        "path": "mock_data/snapchat_insights_week.json"
      }
    },
    {
      "type": "ReadFile",
      "params": {
        "path": "mock_data/tiktok_insights_week.json"
      }
    },
    {
      "type": "Function",
      "name": "Unify",
      "params": {
        "code": "// merge & compute KPIs"
      }
    },
    {
      "type": "OpenAI",
      "name": "AnalystAgent",
      "params": {
        "system_prompt": "prompts/analyst_agent.txt"
      }
    },
    {
      "type": "OpenAI",
      "name": "CampaignManager",
      "params": {
        "system_prompt": "prompts/campaign_manager_agent.txt"
      }
    },
    {
      "type": "OpenAI",
      "name": "LearningAgent",
      "params": {
        "system_prompt": "prompts/learning_agent.txt"
      }
    },
    {
      "type": "OpenAI",
      "name": "CMO_Final",
      "params": {
        "system_prompt": "prompts/system_cmo.txt"
      }
    },
    {
      "type": "Email",
      "params": {
        "to": "exec@dolmer.sa",
        "subject": "Daily CMO Report",
        "html": "knowledge_base/report_templates/daily_report.html"
      }
    }
  ]
}
